﻿<parameters>
  <parameter name="IIS Web Application Name" defaultValue="Default Web Site/SJira" tags="IisApp">
    <parameterEntry kind="ProviderPath" scope="IisApp" match="^C:\\dev\\SJira\ -\ 18062015\\MvcSJira\\obj\\Release\\Package\\PackageTmp$" />
    <parameterEntry kind="ProviderPath" scope="setAcl" match="^C:\\dev\\SJira\ -\ 18062015\\MvcSJira\\obj\\Release\\Package\\PackageTmp$" />
  </parameter>
  <parameter name="DataLayer.Context.ApplicationUserContext-Web.config Connection String" defaultValue="DataLayer.Context.ApplicationUserContext_ConnectionString">
    <parameterEntry kind="XmlFile" scope="C:\\dev\\SJira\ -\ 18062015\\MvcSJira\\obj\\Release\\Package\\PackageTmp\\Web\.config$" match="/configuration/connectionStrings/add[@name='DataLayer.Context.ApplicationUserContext']/@connectionString" />
  </parameter>
  <parameter name="DataLayer.Context.BaseContext`1-Web.config Connection String" defaultValue="DataLayer.Context.BaseContext`1_ConnectionString">
    <parameterEntry kind="XmlFile" scope="C:\\dev\\SJira\ -\ 18062015\\MvcSJira\\obj\\Release\\Package\\PackageTmp\\Web\.config$" match="/configuration/connectionStrings/add[@name='DataLayer.Context.BaseContext`1']/@connectionString" />
  </parameter>
  <parameter name="DataLayer.Context.DashboardContext-Web.config Connection String" defaultValue="DataLayer.Context.DashboardContext_ConnectionString">
    <parameterEntry kind="XmlFile" scope="C:\\dev\\SJira\ -\ 18062015\\MvcSJira\\obj\\Release\\Package\\PackageTmp\\Web\.config$" match="/configuration/connectionStrings/add[@name='DataLayer.Context.DashboardContext']/@connectionString" />
  </parameter>
  <parameter name="DataLayer.Context.IssueContext-Web.config Connection String" defaultValue="DataLayer.Context.IssueContext_ConnectionString">
    <parameterEntry kind="XmlFile" scope="C:\\dev\\SJira\ -\ 18062015\\MvcSJira\\obj\\Release\\Package\\PackageTmp\\Web\.config$" match="/configuration/connectionStrings/add[@name='DataLayer.Context.IssueContext']/@connectionString" />
  </parameter>
  <parameter name="DataLayer.Context.MenuItemContext-Web.config Connection String" defaultValue="DataLayer.Context.MenuItemContext_ConnectionString">
    <parameterEntry kind="XmlFile" scope="C:\\dev\\SJira\ -\ 18062015\\MvcSJira\\obj\\Release\\Package\\PackageTmp\\Web\.config$" match="/configuration/connectionStrings/add[@name='DataLayer.Context.MenuItemContext']/@connectionString" />
  </parameter>
  <parameter name="DataLayer.Context.ProjectContext-Web.config Connection String" defaultValue="DataLayer.Context.ProjectContext_ConnectionString">
    <parameterEntry kind="XmlFile" scope="C:\\dev\\SJira\ -\ 18062015\\MvcSJira\\obj\\Release\\Package\\PackageTmp\\Web\.config$" match="/configuration/connectionStrings/add[@name='DataLayer.Context.ProjectContext']/@connectionString" />
  </parameter>
  <parameter name="DataLayer.Context.SJiraContext-Web.config Connection String" defaultValue="DataLayer.Context.SJiraContext_ConnectionString">
    <parameterEntry kind="XmlFile" scope="C:\\dev\\SJira\ -\ 18062015\\MvcSJira\\obj\\Release\\Package\\PackageTmp\\Web\.config$" match="/configuration/connectionStrings/add[@name='DataLayer.Context.SJiraContext']/@connectionString" />
  </parameter>
  <parameter name="DataLayer.Context.SprintContext-Web.config Connection String" defaultValue="DataLayer.Context.SprintContext_ConnectionString">
    <parameterEntry kind="XmlFile" scope="C:\\dev\\SJira\ -\ 18062015\\MvcSJira\\obj\\Release\\Package\\PackageTmp\\Web\.config$" match="/configuration/connectionStrings/add[@name='DataLayer.Context.SprintContext']/@connectionString" />
  </parameter>
  <parameter name="DataLayer.Context.WorkContext-Web.config Connection String" defaultValue="DataLayer.Context.WorkContext_ConnectionString">
    <parameterEntry kind="XmlFile" scope="C:\\dev\\SJira\ -\ 18062015\\MvcSJira\\obj\\Release\\Package\\PackageTmp\\Web\.config$" match="/configuration/connectionStrings/add[@name='DataLayer.Context.WorkContext']/@connectionString" />
  </parameter>
  <parameter name="MvcSJira.Models.MvcSJiraContext-Web.config Connection String" defaultValue="MvcSJira.Models.MvcSJiraContext_ConnectionString">
    <parameterEntry kind="XmlFile" scope="C:\\dev\\SJira\ -\ 18062015\\MvcSJira\\obj\\Release\\Package\\PackageTmp\\Web\.config$" match="/configuration/connectionStrings/add[@name='MvcSJira.Models.MvcSJiraContext']/@connectionString" />
  </parameter>
  <parameter name="SolidJira1Context-Web.config Connection String" defaultValue="Data Source=AISSAT\SQL2012;Initial Catalog=SolidJira1;Integrated Security=True;MultipleActiveResultSets=True">
    <parameterEntry kind="XmlFile" scope="C:\\dev\\SJira\ -\ 18062015\\MvcSJira\\obj\\Release\\Package\\PackageTmp\\Web\.config$" match="/configuration/connectionStrings/add[@name='SolidJira1Context']/@connectionString" />
  </parameter>
</parameters>